"Mode","emmean","SE","df","lower.CL","upper.CL"
"VR",0.568078078401424,0.0102959177987571,35,0.547176254049554,0.588979902753295
"Flat",0.520625130577734,0.0102448882907893,35,0.499826901634564,0.541423359520905
