"Lightness","emmean","SE","df","lower.CL","upper.CL"
"L40",0.557662467174749,0.00914925956953228,35,0.539088482785022,0.576236451564477
"L55",0.550419471623307,0.0101168894022715,35,0.529881094238524,0.57095784900809
"L70",0.524972874670682,0.0102315187706668,35,0.504201787296309,0.545743962045055
