"Illuminant","emmean","SE","df","lower.CL","upper.CL"
"r",0.485111079353189,0.0122677515091789,34,0.460180008706986,0.510042149999392
"g",0.619703162733524,0.0146088922514815,34,0.590014321668237,0.649392003798812
"b",0.532302112516666,0.0188713038099672,34,0.493951008965194,0.570653216068139
"y",0.554448769897932,0.0140262182884641,34,0.525944064794709,0.582953475001155
