"Mode","Lightness","emmean","SE","df","lower.CL","upper.CL"
"VR","L40",0.583537972264889,0.010332948957181,35,0.562560970664709,0.604514973865068
"Flat","L40",0.53178696208461,0.011039362888838,35,0.509375863961148,0.554198060208073
"VR","L55",0.571378432731661,0.0125722037616966,35,0.545855502199462,0.59690136326386
"Flat","L55",0.529460510514953,0.0114067459070656,35,0.506303585213482,0.552617435816424
"VR","L70",0.549317830207723,0.0107203187444328,35,0.527554426131279,0.571081234284167
"Flat","L70",0.50062791913364,0.0118782748990043,35,0.476513739087235,0.524742099180046
