"Mode","Illuminant","emmean","SE","df","lower.CL","upper.CL"
"VR","r",0.497382691291011,0.0150495825033754,35,0.466830414534051,0.527934968047971
"Flat","r",0.464455384007989,0.0170978455584792,35,0.42974491218372,0.499165855832257
"VR","g",0.640604619258716,0.0168717031300956,35,0.606353240971222,0.674855997546209
"Flat","g",0.603357378899315,0.0199537871193698,35,0.562849037469663,0.643865720328967
"VR","b",0.539664448836795,0.0262793065127195,35,0.486314620336403,0.593014277337188
"Flat","b",0.500001582840205,0.0286805881497494,35,0.441776893450516,0.558226272229894
"VR","y",0.594660554219175,0.016413920500539,35,0.56133852407736,0.62798258436099
"Flat","y",0.514686176563429,0.0232025815456579,35,0.467582431811714,0.561789921315144
