"Mode","emmean","SE","df","lower.CL","upper.CL"
"VR",0.569257157984825,0.0104347826311354,34,0.548051128276776,0.590463187692874
"Flat",0.52652540426583,0.00924551959738537,34,0.507736247828255,0.545314560703406
